Generation,Best Fitness,Average Fitness,Average Score
1,432.0,5.724648639261228,0.045
2,838.1312546373629,12.688099604807453,0.075
1,209.53281365934072,4.723797043575873,0.045
2,749.9546652965098,10.513468134795097,0.065
3,209.53281365934072,11.51735690843627,0.085
4,1325.1052788363647,26.844197548091582,0.14
5,838.1312546373629,21.084717097638496,0.125
6,838.1312546373629,23.264425182366555,0.15
7,758.2822693430198,24.21683604887687,0.165
8,838.1312546373629,29.1571147975766,0.18
9,505.9644256269407,27.531922998311106,0.2
10,583.7259631025504,36.73172050964877,0.21
11,3714.809281780156,58.872136949754605,0.24
12,470.3020306143702,24.836519637203722,0.145
13,1496.49189773951,67.57822632375316,0.29
14,3456.0,61.06179282371428,0.285
15,838.1312546373629,53.068259313945966,0.285
16,1881.2081224574808,47.75136451939361,0.23
17,838.1312546373629,46.50316194606489,0.22
18,1539.7454335051623,62.66622860386873,0.28
19,1221.8805178903542,57.10516070980853,0.27
20,5050.660154870846,82.57679771049342,0.26
21,7137.085119290648,131.2352399998538,0.345
22,4511.517704719777,162.1537254868383,0.39
23,3456.0,158.21134611236883,0.445
24,4500.0,117.0856609612575,0.335
25,4500.0,171.961997738657,0.425
26,4485.938920672014,174.92886149562437,0.47
27,2000.0,107.98083719798447,0.39
1,145.9314907756376,4.234595125590131,0.055
2,209.53281365934072,7.198253896932292,0.065
3,232.379000772445,11.812718701605952,0.1
4,187.48866632412745,8.494746904294633,0.08
5,209.53281365934072,10.822978927773844,0.1
6,256.0,18.695034496386853,0.13
7,2000.0,56.80440005077877,0.27
8,1496.49189773951,45.137141531459775,0.26
9,838.1312546373629,47.96295930264137,0.315
10,929.51600308978,34.98108079584705,0.215
11,838.1312546373629,54.93753734269243,0.355
12,749.9546652965098,53.473049656079056,0.325
13,665.1075101064489,45.892582401907475,0.295
14,749.9546652965098,38.5468690309089,0.24
15,256.0,36.16253879331809,0.24
16,665.1075101064489,41.44486900276556,0.26
17,505.9644256269407,40.18250390022478,0.27
18,1024.0,50.08736606189839,0.29
19,838.1312546373629,42.01651937681507,0.275
20,432.0,39.08878418489588,0.285
21,561.1844616523163,37.386322515931454,0.255
22,838.1312546373629,41.79781833492847,0.245
23,929.51600308978,49.37143205689345,0.285
24,1221.8805178903542,53.517170295494445,0.325
25,1539.7454335051623,60.05303493218207,0.32
26,1881.2081224574808,58.979301656611,0.335
27,583.7259631025504,48.6260146986895,0.3
28,2121.1921176545984,54.193122020306035,0.28
29,505.9644256269407,44.68855304495184,0.29
30,1221.8805178903542,59.32282730698657,0.32
31,1121.4847301680036,52.120783971212674,0.26
32,1431.0835055998655,52.7226014490084,0.29
33,665.1075101064489,56.131583492205884,0.315
34,1764.8660005790807,68.91903857247473,0.31
35,2244.737846609265,58.402334258612356,0.28
36,1651.0263474578471,41.479880161087856,0.21
37,2981.4868773818207,70.39860297846072,0.29
38,2370.5931747138734,51.622510557851335,0.25
39,1221.8805178903542,60.27188572791167,0.315
40,1651.0263474578471,92.88608951696435,0.375
41,1651.0263474578471,87.42713276537069,0.375
42,1651.0263474578471,89.61053353435936,0.425
43,2749.231165253297,92.02203365815183,0.445
44,1431.0835055998655,88.6206840473403,0.425
45,2304.0,128.90807276330776,0.47
46,1431.0835055998655,93.71115586545174,0.465
47,1764.8660005790807,95.01818406919567,0.44
48,1764.8660005790807,115.43106905061482,0.445
49,1221.8805178903542,99.01785398706124,0.475
50,2629.0682760247973,134.26608166965366,0.52
51,1881.2081224574808,117.88834300155622,0.49
52,4772.682264722846,136.42857071068727,0.46
53,1651.0263474578471,114.21039170544509,0.51
54,3896.8787510006005,152.997275190816,0.59
55,2629.0682760247973,111.96837731043433,0.52
56,3464.427225386615,150.51691385297548,0.59
57,2749.231165253297,114.69833513061396,0.545
58,3747.9637138051376,149.6742964849108,0.57
59,5300.421115345459,137.09218309819894,0.54
60,4047.7154050155254,138.6913467585493,0.59
61,1881.2081224574808,131.47385951319228,0.565
62,3352.5250185494515,152.65371645268732,0.615
63,1651.0263474578471,109.91416714298022,0.5
64,3714.809281780156,172.28112020030258,0.575
65,3714.809281780156,160.07218240650394,0.555
66,3714.809281780156,120.47794971113359,0.51
67,2370.5931747138734,138.33916548218133,0.5
68,4511.517704719777,187.62742363250413,0.58
69,2896.309375740099,129.18291927040144,0.555
70,2761.6111239636907,115.66370536042658,0.485
71,2523.340642878008,153.93260637203224,0.555
72,1651.0263474578471,115.10553784128835,0.475
73,1651.0263474578471,125.30879280422269,0.47
74,4772.682264722846,149.58098968036768,0.51
75,4669.807704820403,153.94231047735823,0.53
76,3970.9485013029316,171.65738419100597,0.515
77,2896.309375740099,163.88316282188308,0.485
78,3313.004678535785,134.35452290241184,0.465
79,9798.879935992685,232.43014689057472,0.57
80,6516.696095415223,237.2346787123124,0.62
81,4232.718275529332,200.2643332487782,0.54
82,3714.809281780156,222.4193530838611,0.56
83,4669.807704820403,203.50966155539408,0.58
84,4355.0577493300825,246.45564117700962,0.605
85,4500.0,212.34345062236224,0.575
86,4669.807704820403,223.20050169733977,0.585
87,4500.0,213.74895094027536,0.57
88,7137.085119290648,260.4660231622124,0.695
89,8102.239690357228,211.6096651318155,0.525
90,3313.004678535785,166.03104573680156,0.505
91,3747.9637138051376,121.35915983569949,0.495
92,3033.1290773720793,186.59105180683866,0.615
93,6516.696095415223,158.12916082569333,0.545
94,2370.5931747138734,159.2817071552888,0.555
95,5333.8346431062155,273.63933908242734,0.655
96,29186.29815512752,392.7790256583011,0.56
97,3970.9485013029316,226.83585007315247,0.585
98,10150.914835619498,264.9222017036343,0.635
99,26820.200148395612,363.15786551220646,0.59
100,5050.660154870846,321.55131699821817,0.77
101,13890.44966874723,346.4797523335793,0.665
102,19319.627325598183,308.8026346440388,0.61
103,7776.0,403.0252701099241,0.695
104,4829.906831399546,197.49240667916808,0.52
105,11971.93518191608,340.94174944645005,0.575
106,9798.879935992685,228.07099320307952,0.545
107,6516.696095415223,296.7731171602652,0.57
108,6824.5404240871785,375.2068363005244,0.72
109,2370.5931747138734,209.07909865494636,0.555
110,7059.464002316323,184.2104578289712,0.505
111,20621.80903800634,331.3659609453822,0.555
112,6516.696095415223,253.252344404998,0.555
113,4232.718275529332,250.07454722699026,0.59
114,11599.767583878567,340.3791484934172,0.66
115,6604.1053898313885,371.46404223894206,0.735
116,5155.452259501585,312.50462851513157,0.67
117,18865.68313101861,478.01810766776134,0.735
118,2749.231165253297,213.1164985127751,0.61
119,13252.01871414314,424.95722316026246,0.67
120,4991.794867580197,263.1473378120759,0.58
121,8978.95138643706,371.8674557403538,0.695
122,3714.809281780156,272.04809202779467,0.66
123,4669.807704820403,330.37278428098574,0.69
124,5320.860080851591,327.8842383828991,0.705
125,5656.85424949238,333.0511127463892,0.63
126,6516.696095415223,275.86805287296534,0.625
127,7137.085119290648,237.2425474018337,0.625
128,9451.011374450885,340.7341515367306,0.73
129,7454.260526705516,353.0315182281431,0.735
130,12727.922061357856,314.0447836098042,0.635
131,22627.41699796952,412.25696095051376,0.685
132,4047.7154050155254,248.2562359562209,0.62
133,7454.260526705516,290.63790890100404,0.59
134,10507.067335845906,482.1561228936778,0.74
135,11971.93518191608,344.93986405984157,0.67
136,22916.594511401556,522.7447912638538,0.675
137,6349.077413293998,325.0657722262063,0.6
138,10507.067335845906,359.03435728295386,0.65
139,23998.549289488314,462.5008853599977,0.705
140,12727.922061357856,391.9333129858667,0.695
141,6604.1053898313885,430.4257433547926,0.65
142,12348.0,430.24439083083996,0.775
143,7137.085119290648,527.5474473253909,0.715
144,6516.696095415223,454.64902530728364,0.75
145,7137.085119290648,401.5411866293619,0.735
146,14403.981671746184,600.5906877694689,0.66
147,14285.424179911495,378.0898143664903,0.59
148,7137.085119290648,408.012393810828,0.65
149,4991.794867580197,303.2480582243519,0.63
150,6213.625028918304,354.6550335251606,0.74
151,13111.662594804673,508.8255126511968,0.765
152,4232.718275529332,354.16307481302084,0.72
153,15492.26026117558,396.50687773392485,0.71
154,5999.637322372078,416.067424013514,0.725
155,9482.372698855494,429.5781913031684,0.715
156,6604.1053898313885,417.5820483981892,0.725
157,4991.794867580197,356.39665401360486,0.715
158,6526.254668644184,387.6921952303961,0.745
159,6173.533186109879,326.1708617690296,0.675
160,3747.9637138051376,374.5727841145657,0.725
161,11971.93518191608,375.45548326319704,0.655
162,11046.444495854763,374.27182041846754,0.64
163,15086.362583472532,490.35949717386063,0.735
164,9107.359661284932,306.6950336344145,0.58
165,6885.449004966924,251.36964749610306,0.58
166,5915.403621055794,316.85219165905136,0.68
167,5333.8346431062155,314.07531471639317,0.645
168,4232.718275529332,348.8575045741479,0.685
169,5320.860080851591,280.40056957671516,0.645
170,8432.91835606156,389.122605489779,0.705
171,6516.696095415223,299.5340840413488,0.67
172,6604.1053898313885,333.1590504162139,0.71
173,4500.0,264.00253210782756,0.665
174,6705.050037098903,299.3488859026869,0.615
175,3714.809281780156,299.26828408252516,0.695
176,6516.696095415223,351.5527172154272,0.695
177,6516.696095415223,294.7847383882415,0.645
178,5915.403621055794,252.57308116943668,0.625
179,9107.359661284932,380.8656789160489,0.68
180,3970.9485013029316,306.05714638569435,0.66
181,6213.625028918304,323.01926149798174,0.695
182,4232.718275529332,332.96282905749797,0.67
183,3896.8787510006005,237.93112311638887,0.535
184,8767.977189751351,384.54968280074337,0.725
185,9798.879935992685,304.2196259717995,0.61
186,9798.879935992685,377.47779851819075,0.67
187,8102.239690357228,405.2427100360523,0.715
188,7776.0,364.19569154782045,0.69
189,4232.718275529332,255.73345477720534,0.64
190,6705.050037098903,376.71168831987234,0.74
191,7067.437442241707,382.1342566072106,0.715
192,7067.437442241707,385.1318879259761,0.71
193,7137.085119290648,360.0845397965186,0.59
194,4669.807704820403,348.2671610743008,0.695
195,4355.0577493300825,277.78175241196476,0.615
196,11585.237502960395,403.0931616097215,0.645
197,13111.662594804673,437.61261165577196,0.76
198,4669.807704820403,344.58509901482034,0.655
199,8767.977189751351,355.1913104627274,0.615
200,9107.359661284932,429.6556837131075,0.69
201,5622.112058648423,288.670844204281,0.555
202,3714.809281780156,304.2115893375634,0.65
203,9107.359661284932,417.69677237071267,0.695
204,6516.696095415223,444.60930506525176,0.73
205,3714.809281780156,285.72724544501006,0.64
206,12500.0,359.70180613637535,0.67
207,2896.309375740099,257.3781421776702,0.58
208,3747.9637138051376,352.1027438387042,0.695
209,3464.427225386615,290.6793830683411,0.63
210,14991.85485522055,417.14667970199565,0.66
211,6516.696095415223,333.3199526282864,0.665
212,5656.85424949238,283.99331022753057,0.665
213,9482.372698855494,363.69767327857386,0.685
214,15587.515004002402,452.3803679401133,0.725
215,5915.403621055794,269.9877109691033,0.585
216,10507.067335845906,310.75982255959497,0.68
217,7776.0,278.8363711766982,0.6
218,4511.517704719777,355.9441250615918,0.67
219,18679.230819281613,526.4852147788707,0.695
220,5050.660154870846,348.2515296266094,0.69
221,5333.8346431062155,361.30080009590597,0.745
222,9798.879935992685,355.93570215569343,0.705
223,8484.768470618394,320.04558152648264,0.645
224,7137.085119290648,351.75348625634746,0.665
225,3313.004678535785,267.7552642245641,0.6
226,3714.809281780156,363.7087048056381,0.695
227,6213.625028918304,364.6568030355927,0.75
228,4047.7154050155254,349.4903897208479,0.69
229,4829.906831399546,322.3352896433513,0.7
230,8767.977189751351,402.90749238112346,0.745
231,7776.0,445.2753140551307,0.665
232,13499.183975337177,502.27055819426255,0.745
233,18679.230819281613,551.2159703533277,0.7
234,13824.0,554.1493711822238,0.785
235,15492.26026117558,652.1984007584139,0.795
236,11599.767583878567,502.80515280181464,0.72
237,19302.715249415043,675.7158270759666,0.82
238,8102.239690357228,480.05594514869887,0.695
239,6516.696095415223,425.4766651219223,0.735
240,7776.0,414.2636481287388,0.715
241,14684.073004449414,432.98506830831207,0.655
242,9107.359661284932,514.4338598303083,0.755
243,11231.538452055443,383.69685973770737,0.595
244,11585.237502960395,450.70731027457083,0.71
245,12727.922061357856,570.5751667275697,0.785
246,16190.861620062102,569.3814724096663,0.635
247,14285.424179911495,721.692285193887,0.8
248,16190.861620062102,619.1817330841428,0.71
249,26731.496927781656,551.8869194223902,0.7
250,8102.239690357228,497.6260680072112,0.755
251,7067.437442241707,507.95628221254464,0.685
252,13824.0,626.9335667981843,0.815
253,9107.359661284932,616.6967797378674,0.775
254,9107.359661284932,498.1163157371105,0.75
255,15587.515004002402,639.297650613034,0.75
256,34315.938221182296,948.3045741000996,0.85
257,9107.359661284932,576.9664173335474,0.835
258,9107.359661284932,532.767834482019,0.76
259,8767.977189751351,577.6234051113341,0.77
260,8102.239690357228,618.5072844593869,0.775
261,7776.0,474.8014590995336,0.685
262,25298.221281347032,716.8325540117788,0.79
263,26820.200148395612,723.0155236348145,0.8
264,44171.48401401067,846.6766815246806,0.73
265,15901.734245043841,813.8924020206991,0.825
266,10516.27310409919,674.9659512412104,0.8
267,20621.80903800634,718.4379184304412,0.76
268,16190.861620062102,714.581051341751,0.77
269,29744.51209887296,643.8179569639011,0.67
270,16431.676725154983,712.953910941015,0.775
271,18001.691920483474,959.3866738482668,0.865
272,9107.359661284932,720.3759540305493,0.845
273,28269.749768966827,896.2840451036199,0.845
274,9107.359661284932,760.1193855769885,0.785
275,35887.511365376115,719.5039085077249,0.765
276,32221.576621884906,628.2877087066064,0.725
277,18046.070818879107,825.1621545185739,0.795
278,9798.879935992685,657.825063516604,0.785
279,15587.515004002402,633.0057855405564,0.77
280,27219.110933313015,869.3250879619509,0.805
281,21283.440323406365,713.8302028831217,0.845
282,16190.861620062102,897.4993242932923,0.865
283,8102.239690357228,456.93028222928587,0.7
284,28269.749768966827,743.950629103209,0.78
285,16190.861620062102,700.2584501740384,0.82
286,12688.151323183374,626.8882518287561,0.795
287,10516.27310409919,460.6938588119356,0.735
288,9107.359661284932,687.2549666912199,0.84
289,11599.767583878567,611.4266538807753,0.755
290,14684.073004449414,865.7077176148485,0.87
291,15086.362583472532,621.05296831558,0.725
292,16190.861620062102,671.6615025198662,0.745
293,18957.056733575497,853.6851855437042,0.855
294,29744.51209887296,864.753771572729,0.805
295,14991.85485522055,690.3783995544916,0.87
296,8774.698171447266,542.5561326400996,0.74
297,37482.36918872658,1070.5632358789596,0.795
298,6516.696095415223,527.0104659710673,0.75
299,15901.734245043841,735.364870710529,0.865
300,21952.0,879.5179222762566,0.82
1,108.0,2.067213595499958,0.025
2,209.53281365934072,12.188508651433898,0.11
3,209.53281365934072,7.723788928324127,0.065
4,166.27687752661222,8.87242622914431,0.075
5,209.53281365934072,11.152665429805067,0.085
6,432.0,15.986059391887537,0.105
7,749.9546652965098,17.815939464004874,0.1
8,432.0,18.640024673635097,0.125
9,432.0,22.40697896519185,0.135
10,749.9546652965098,24.29346920794865,0.13
11,665.1075101064489,27.002595565412513,0.17
12,209.53281365934072,25.867545024452287,0.165
13,838.1312546373629,30.60112169525584,0.17
14,209.53281365934072,19.129818646280636,0.125
15,749.9546652965098,25.8878142962702,0.14
16,296.3241468392342,31.68671071044735,0.2
17,838.1312546373629,35.07134824044335,0.2
18,665.1075101064489,44.33072604488614,0.275
19,749.9546652965098,53.55880008952418,0.285
20,209.53281365934072,30.2200467066674,0.195
21,838.1312546373629,43.96823189840978,0.225
22,1138.4199576606165,28.579260246082114,0.145
23,838.1312546373629,31.17688182840179,0.185
24,838.1312546373629,32.62747338528781,0.2
25,1885.7953229340665,38.43633247188316,0.185
26,209.53281365934072,27.986454990645726,0.17
27,838.1312546373629,42.37747309269617,0.21
28,749.9546652965098,35.84376970837011,0.205
29,1687.397996917147,51.110340223826555,0.23
30,838.1312546373629,50.79518787495146,0.27
31,838.1312546373629,59.491886561867744,0.28
32,838.1312546373629,43.64839814739046,0.235
33,838.1312546373629,43.97613633623494,0.25
34,838.1312546373629,45.821391553591056,0.255
35,838.1312546373629,55.56709623099086,0.305
36,838.1312546373629,54.60376473729346,0.32
37,583.7259631025504,48.50967775666086,0.285
38,749.9546652965098,57.61285982866586,0.32
39,749.9546652965098,57.78789722761183,0.335
40,838.1312546373629,68.00055973201073,0.34
41,838.1312546373629,56.767808525204856,0.3
42,838.1312546373629,55.580785177382275,0.3
43,838.1312546373629,40.00890522472765,0.23
44,838.1312546373629,64.72578372222564,0.32
45,838.1312546373629,62.31889983957848,0.335
46,838.1312546373629,53.6658130089784,0.26
47,838.1312546373629,49.150040628158656,0.29
48,1885.7953229340665,62.45265344554942,0.33
49,749.9546652965098,62.5795265684277,0.345
50,838.1312546373629,57.32272716693693,0.305
51,838.1312546373629,70.75201700919892,0.38
52,838.1312546373629,46.52495439461489,0.275
53,256.0,60.92250380176392,0.35
54,838.1312546373629,62.99271646833924,0.34
55,838.1312546373629,56.44020419569444,0.31
56,838.1312546373629,61.02020190157629,0.325
57,838.1312546373629,56.296061419805625,0.305
58,1221.8805178903542,61.671282441414384,0.32
59,838.1312546373629,64.67077496499691,0.365
60,838.1312546373629,58.72390461444285,0.33
61,838.1312546373629,78.06729986427193,0.455
62,665.1075101064489,52.943105746583896,0.305
63,838.1312546373629,72.02026586133721,0.375
64,1221.8805178903542,78.53030182835528,0.4
65,838.1312546373629,47.817577389115975,0.28
66,749.9546652965098,66.49084734615671,0.365
67,1221.8805178903542,82.11240160375338,0.43
68,665.1075101064489,60.139035256597396,0.355
69,838.1312546373629,78.81939253495246,0.425
70,838.1312546373629,66.97599857445113,0.35
71,838.1312546373629,70.71808352685474,0.4
72,665.1075101064489,75.4396679823613,0.405
73,838.1312546373629,49.91593567027354,0.285
74,838.1312546373629,68.77721342091175,0.35
75,838.1312546373629,76.32416940755105,0.405
76,838.1312546373629,70.55557998834651,0.38
77,838.1312546373629,72.35304868324368,0.395
78,838.1312546373629,68.9448252017748,0.385
79,838.1312546373629,71.63679229712899,0.39
80,1687.397996917147,74.49885187773835,0.385
81,838.1312546373629,73.74483736745567,0.395
82,1885.7953229340665,67.88838730623351,0.325
83,838.1312546373629,64.21174658067146,0.36
84,1313.3834169807383,87.27492809186957,0.415
85,838.1312546373629,73.3813288246502,0.415
86,838.1312546373629,69.37648477571415,0.36
87,838.1312546373629,71.96891395446241,0.375
88,838.1312546373629,74.57334853219795,0.435
89,838.1312546373629,79.68955250682404,0.385
90,1221.8805178903542,65.1747040836206,0.335
91,1885.7953229340665,85.61314105760067,0.345
92,1539.7454335051623,59.89740595214076,0.315
93,838.1312546373629,60.759115041036964,0.325
94,1881.2081224574808,81.95713672163929,0.395
95,2896.309375740099,85.69016262745338,0.425
96,2629.0682760247973,76.12643997756955,0.33
97,4232.718275529332,131.46818447506465,0.43
98,1499.9093305930196,59.57956383308925,0.3
99,1121.4847301680036,90.26743334627292,0.415
100,1881.2081224574808,86.1631950743765,0.365
101,1881.2081224574808,102.2193268133056,0.395
102,1885.7953229340665,75.08147306578223,0.365
103,1024.0,54.31467564627577,0.3
104,1885.7953229340665,93.49693888204827,0.405
105,3970.9485013029316,108.68537964642832,0.395
106,1414.213562373095,81.22404558271415,0.37
107,8000.751964659322,175.51980757294655,0.445
108,25396.30965317599,209.4797801689957,0.385
109,4047.7154050155254,137.62254773150963,0.435
110,1539.7454335051623,75.8449775946666,0.285
111,4355.0577493300825,119.55356291947778,0.325
112,4511.517704719777,140.96702880745568,0.37
113,3896.8787510006005,113.13113233698597,0.395
114,20621.80903800634,194.6050199317616,0.38
115,3896.8787510006005,210.06735246184508,0.445
116,4047.7154050155254,110.27753312126111,0.35
117,2000.0,107.81921468502955,0.355
118,4772.682264722846,150.97155685769295,0.365
119,15587.515004002402,195.41699708711,0.345
120,2498.71647051041,110.44671151350754,0.315
121,1881.2081224574808,123.69229800308553,0.37
122,1539.7454335051623,82.24486831960331,0.325
123,2121.1921176545984,89.03133460601742,0.33
124,4200.449499755949,165.95556949300695,0.36
125,8102.239690357228,205.6886178529203,0.42
126,19319.627325598183,259.12327072972477,0.405
127,2896.309375740099,154.24696277010537,0.375
128,95407.58007621826,685.3382847671844,0.445
129,24324.201281850965,563.0970843360534,0.425
130,34315.938221182296,774.9095617930506,0.475
131,13824.0,267.281235763835,0.365
132,25396.30965317599,385.0348560006085,0.325
133,11599.767583878567,373.33310135914326,0.485
134,10150.914835619498,326.5571483007025,0.455
135,92594.54627568516,645.7523051149934,0.395
136,16314.753568472923,299.17687820017795,0.325
137,12132.516309488317,339.2277158107874,0.46
138,5656.85424949238,131.06172942380107,0.32
139,95533.92067742221,655.4564884696043,0.36
140,34300.0,439.1687133334479,0.405
141,22506.221362103413,501.50145784460676,0.56
142,42403.36892276367,445.64166350315435,0.455
143,17574.78557479436,575.9649243648284,0.57
144,23998.549289488314,419.4426095721325,0.495
145,22627.41699796952,540.3563428351864,0.515
146,37482.36918872658,982.3650930296874,0.59
147,11585.237502960395,317.34462238633046,0.565
148,18101.933598375617,429.2726054314616,0.465
149,43034.056281043275,969.8948935967813,0.71
150,19825.236442474023,587.1045123333813,0.675
151,25396.30965317599,698.751069278934,0.625
152,39681.733833087485,904.250809865604,0.62
153,70216.73589679315,1274.842122993579,0.645
154,26244.0,1044.6077331465888,0.75
155,38584.58241318675,1551.1762079879454,0.88
156,23998.549289488314,1082.2736265608721,0.795
157,41906.56273186814,1426.733321959549,0.825
158,28269.749768966827,1273.0231778761301,0.94
159,63657.206976115434,1130.9265119015754,0.845
160,57141.69671964598,1361.3746814586048,0.895
161,25396.30965317599,799.4492147657055,0.74
162,410037.7132508667,3130.7051539287786,0.935
163,35098.79268578906,1014.64011273549,0.8
164,35355.33905932738,1166.7345422922958,0.855
165,68605.23315316405,1969.9378686837372,0.925
166,71554.17527999327,1385.785991254588,0.94
167,102713.16371332353,1944.6564813258549,0.96
168,107490.05260022901,2329.3402898565228,1.075
169,213902.01180914592,4352.081216566776,1.125
170,78972.28354302539,2412.201165629119,0.99
171,122949.35542734659,4490.15300130477,1.155
172,187246.48452774753,6610.121715971077,1.315
173,669712.8937089385,10694.78140331111,1.44
174,260876.0,8855.83476433884,1.385
175,189754.49401792831,6611.186567096333,1.38
176,425909.06071601715,10416.008066949384,1.46
177,451615.9263090707,9652.657505485338,1.435
178,319835.7082253325,5569.677752515393,1.155
179,385572.0548587514,6341.351710114271,1.33
180,262920.1607484675,6335.057386497606,1.4
181,256000.0,7572.976345430849,1.42
182,193067.36229616852,9581.341209126198,1.6
183,159050.46761327048,7231.769236191181,1.52
184,370727.60009473265,6662.743140525316,1.37
185,146165.39103358221,8210.886945553146,1.63
186,420596.30429189454,9297.601876110195,1.64
187,175784.46607137957,7809.910088344829,1.615
188,118873.897016965,7435.616919101266,1.42
189,197087.41548866077,7271.314448979899,1.43
190,175784.46607137957,6003.634517727512,1.4
191,229213.6830470642,9578.133522004198,1.72
192,104976.0,6142.322691574951,1.535
193,131072.0,8269.61062987141,1.605
194,179754.84389579046,7889.227815765733,1.55
195,256000.0,8773.73599320839,1.54
196,275196.9227734932,11328.431707189375,1.75
197,150895.0524835059,8143.920579325209,1.62
198,513870.12858892663,11569.556470003667,1.63
199,340736.0,11574.833185919966,1.71
200,83962.43207530378,7742.363412312528,1.72
201,463714.40974806895,15636.889571055171,1.94
202,290516.69831526035,13536.422816299062,1.935
203,709136.6429567718,21258.987842547307,2.12
204,333768.4392029899,14296.753375368626,1.865
205,709136.6429567718,22235.357082695497,1.915
206,431244.0,11624.606536897565,1.715
207,347233.8693157682,13901.955005514727,2.01
208,404792.0682226864,13916.612944705375,1.86
209,577458.8110402334,15250.083702769785,1.87
210,559016.9943749474,16818.992112845783,1.99
211,382135.68270968884,14322.653317125847,2.025
212,357770.87639996636,15263.231959292714,1.75
213,565714.1133116621,14069.61842201319,1.745
214,742207.6259376484,16138.247636352004,1.83
215,373795.473487842,13854.352551866987,1.87
216,565714.1133116621,14163.842949217817,1.8
217,328159.3179173799,13358.647792968693,1.75
218,410037.7132508667,16770.718981702452,1.85
219,267605.97278835165,13502.22286477938,2.08
220,458248.26347297814,10960.661483925915,1.78
221,394368.5623170285,15461.8310597366,1.925
222,373795.473487842,17615.84959788461,2.06
223,974664.1675407997,19236.313312965416,2.08
224,542467.4439042403,21702.13061233105,2.125
225,586063.3412865882,26478.262114741923,2.08
226,249484.9093632719,8827.069501914923,1.835
227,214943.82611277766,11128.795761095991,1.68
228,1299317.0989592958,17281.24086321484,1.75
229,1297720.9779424851,18473.433368232705,1.85
230,353593.1215620575,15034.249348978152,1.995
231,691200.0,22319.63724054759,1.99
232,2454351.2873392836,29995.49776864343,2.09
233,827655.1425515339,24367.77530020832,2.055
234,984978.0208877759,40371.73182994155,2.255
235,700906.868929104,25210.0601091883,2.2
236,893469.3955049608,30670.366541398627,1.985
237,979547.1280137572,27818.09057521529,2.16
238,984978.0208877759,34691.216114762065,2.295
239,1016508.7789409396,30887.264762416347,2.285
240,907007.2187408432,31245.932469881885,2.09
241,1265472.0,41370.364129446825,2.515
242,880287.9647842518,24283.142101433346,2.17
243,720199.0835873092,35696.84116188294,2.385
244,954145.347418306,35059.70432783977,2.225
245,1727895.5488431586,35006.88506493416,2.225
246,1110885.336181912,32825.73446073862,2.125
247,1969977.5149498535,44205.98018158092,2.46
248,1139738.6111069503,40848.574828966724,2.5
249,1940768.5689458186,48492.26095373642,2.38
250,1083995.668131566,43294.094097862806,2.55
251,3497598.862250501,46901.77781347182,2.29
252,1379437.505675411,38325.53909672856,2.265
253,2151296.0,78760.56143651454,2.385
254,1687226.6652421067,60437.2097714585,2.55
255,840089.8999511898,35915.50043008842,2.415
256,1220810.904276334,47106.92452805436,2.455
257,1299317.0989592958,52837.297539999985,2.665
258,2593256.7939731693,52623.39249050747,2.355
259,855504.1554545483,48353.51516894646,2.34
260,724501.3112037824,41592.976306161865,2.64
261,818988.6407808108,44203.43102639829,2.29
262,1231925.9838545497,45489.09885360477,2.225
263,1198681.7411940503,41938.93551411796,2.355
264,2266306.912539429,58850.703275785745,2.43
265,824769.349575989,45737.03538517281,2.35
266,1498294.357322352,52941.09338655183,2.25
267,2027877.4149617625,46888.72451123664,2.265
268,1520451.3701187551,44587.68904078892,2.405
269,1254256.6318070637,60584.18112516097,2.415
270,1414261.0002287414,62244.90494619423,2.655
271,828528.4389373729,26118.69001201266,2.105
272,1631539.0366252349,50966.609732006844,2.43
273,898071.2273845545,37626.18666881618,2.315
274,871440.8911406441,43426.041327721716,2.445
275,4194304.0,62310.89266462555,2.685
276,2231336.220484936,67466.06925570071,2.9
277,1445802.0227181867,52050.99787108869,2.54
278,2069503.25377275,55606.01120646272,2.525
279,2523485.438870611,48992.857482166364,2.53
280,1068778.9813502135,39408.35080368275,2.73
281,1676788.1446909148,74848.3125225891,2.855
282,1007225.6297533339,67026.94736057497,2.775
283,810352.6013878157,39574.01784941046,2.425
284,1247619.4467993835,60359.388651346926,2.525
285,1243074.5932115256,66477.51377064972,2.625
286,817144.3936049491,43807.49065273592,2.505
287,933991.4678411147,31175.858637517562,2.205
288,1414261.0002287414,71392.65153431504,2.54
289,933961.5409640806,53334.61188754224,2.61
290,1669967.1583597087,64499.78110989975,2.675
291,1111527.036108434,52636.857098692984,2.62
292,2663659.5855056257,98706.35061022353,3.075
293,1472009.519273568,65409.742079203505,2.685
294,2155371.10261783,85339.06523291227,3.03
295,2999109.635875288,89180.29532685962,3.28
296,2806337.1716570337,86419.41334584972,2.905
297,2866808.1663285387,123125.10415307344,3.31
298,1556413.8196456623,75575.45559568118,3.06
299,1840766.1225696218,94673.61178161392,3.06
300,4320638.723981444,110552.83501092452,3.045
301,2402922.398400747,84261.92910588271,3.01
302,1047615.4291647293,80582.69147147567,3.295
303,2526516.41395816,117700.95384472031,3.49
304,2209782.8128574085,96095.69181073169,3.14
305,2488524.086682707,128225.84343597604,3.205
306,1977300.0,86915.71002106676,3.17
307,1984163.642948837,87979.93574087422,3.245
308,1431021.610212788,94215.39685215881,3.09
309,2359296.0,100559.63105133224,3.275
310,1068778.9813502135,68580.44832457631,3.06
311,1646131.6239037507,97815.47137048721,3.305
312,1317145.0178382029,85083.68139540424,3.205
313,1641408.0898350659,117470.96062218788,3.58
314,1568463.4417161276,93289.68404513161,3.22
315,1661659.2863761212,94601.50043814452,3.41
316,1753595.4379502703,139614.62320400466,3.775
317,2452333.343422953,128195.6518498151,3.62
318,2220931.2065743953,138013.37812956006,3.665
319,3321188.0,139423.2565963633,3.525
320,1998699.6043467864,131788.87128203426,3.54
321,1419751.9309175105,112038.57257384801,3.57
322,1641408.0898350659,123152.30221549643,3.54
323,1276720.5990348866,116423.74100762188,3.355
324,2027877.4149617625,132787.27897342085,3.735
325,2513411.2723547653,118480.76287650177,3.25
326,1956974.3893510718,129978.37402665807,3.685
327,2231336.220484936,147567.93026465928,3.62
328,1673490.8052666439,128478.07718715424,3.6
329,3791971.917398123,145721.02874359998,3.71
330,1568463.4417161276,125942.1193471134,3.83
331,1956974.3893510718,154788.47610598797,3.905
332,1861855.9034769582,117537.61078887382,3.385
333,1777977.5575996453,108649.37365920993,3.34
334,2155003.834636031,112863.80128468885,3.375
335,2431811.792296435,163328.96193444898,4.2
336,1445802.0227181867,103842.92423044227,3.705
337,1231925.9838545497,113860.00767446241,4.035
338,1591866.3246039222,99485.04458803665,3.565
339,2102093.484931629,140053.00484531623,3.795
340,1168837.4531986902,131717.98064235476,3.815
341,2640123.344124664,142981.52556400854,3.995
342,1618923.183744059,117103.48929678062,3.76
343,3324818.9384638676,166149.8993181292,4.02
344,2004834.247305248,140548.13464857847,3.6
345,1788307.5622677437,134302.5071758373,3.66
346,1942304.0518930089,144801.2693250417,4.1
347,2388793.8554776968,154730.79728022305,3.95
348,3204918.2454072055,179661.6274472821,4.145
349,2576662.573174842,146129.1911286983,3.845
350,2119348.6570170564,166122.0464229245,4.235
351,1310664.8066504265,122179.82318657971,3.885
352,2896858.284417793,139503.81328125502,3.895
353,1707182.6377373924,156353.67641940515,3.805
354,1912016.7363284247,150463.8820379686,3.975
355,1568463.4417161276,157279.4142489711,3.855
356,2630431.4522359255,150109.62028621446,3.98
357,2766957.9015922886,171142.0692138808,3.99
358,3493718.7393950303,218778.16502106172,4.495
359,1714810.4138522136,180093.26099498002,4.47
360,3516976.113806859,195600.55639494865,4.34
361,1861855.9034769582,173981.56258943415,4.19
362,2738870.205029804,209782.3792766613,4.64
363,3093993.420404122,150666.7657812197,3.82
364,2083529.1574633652,139458.30538483476,3.675
365,2167780.9821769358,143525.82300171966,3.96
366,2593256.7939731693,197404.83217245608,4.385
367,1969663.0920195465,160187.80462812932,4.055
368,2688173.3926545735,154236.75672603634,3.965
369,1940853.2416110188,134782.03412141753,4.1
370,2191595.3572683074,168410.5076175035,3.995
371,2699096.009947034,207027.0309364531,4.775
372,4878968.907936184,221957.48987894235,4.75
373,1804422.342468636,195603.92744310547,4.455
374,3479065.581068572,172816.25633571096,4.165
375,2488838.346011247,168338.28636630496,4.31
376,2534991.9890429634,189347.81232963305,4.355
377,2622332.5189609346,175997.30830888488,4.24
378,3099032.1069650115,212842.13815923332,4.6
379,3557562.3676894265,165938.30636263185,4.3
380,4164468.9416539054,227655.50136088207,4.39
381,2284342.9942948585,160217.00316900463,4.185
382,3318685.737514777,230783.50756539003,4.45
383,2956861.0738416505,225213.1478744546,4.495
384,4190350.8206354273,213203.11675407708,4.385
385,2939862.4476339025,234302.77965533867,4.635
386,4081956.325097073,240501.72856691547,4.175
387,3525349.890543065,238472.60080429888,4.6
388,2375705.265810555,236404.7031558956,4.72
389,3600338.3840966946,206240.7693710446,4.31
390,3118858.9403818827,276842.0472532664,4.83
391,3314113.7557494915,229808.55105312413,4.585
392,3139310.433837342,277059.340829775,4.885
393,3748427.0082305195,219366.0798475946,4.14
394,1907517.0379317717,203515.67453757033,4.14
395,2514241.7781844293,199887.50718657524,4.3
396,4164468.9416539054,227461.0356148238,4.63
397,2738870.205029804,208089.00273214243,4.395
398,3180346.849008768,211729.61768777086,4.57
399,2488524.086682707,247024.44728448137,4.55
400,5043415.236401619,271645.49911541655,4.89
401,4378922.354273024,329252.946625231,5.45
402,2394387.0363832163,262029.25491156292,4.845
403,3688941.3462401377,220275.17930333142,4.27
404,5151900.620159516,266324.13573956,4.6
405,3180346.849008768,208286.19980825207,4.175
406,3117644.881421872,171728.06127424262,3.955
407,3621790.21617763,198307.26241088734,4.28
408,2699096.009947034,239498.66521483992,4.63
409,4126730.7350977,195040.60307425517,4.39
410,4298081.998287143,227607.6609071786,4.245
411,3992897.444212661,254011.94656632096,4.41
412,2660680.1090969206,223186.91114799178,4.615
413,2402922.398400747,200605.45309610796,4.305
414,1940853.2416110188,178174.88523702073,4.08
415,3478257.3291808073,267312.59752693336,4.69
416,3673272.180495205,238649.93482459465,4.535
417,2540868.767784751,179372.08590249837,4.1
418,4699939.341097925,252045.22430076596,4.29
419,2042519.0939386587,231364.6995331314,4.685
420,3368240.435465378,243590.67421550525,4.505
421,3242233.6050938712,245647.66042297258,4.655
422,4772064.022209258,270903.6758825418,4.595
423,5464692.921006267,267560.40788612474,4.87
424,3816756.4344610726,236983.02337761724,4.225
425,3024953.6416308926,251275.70139156992,4.68
426,3250727.635606527,263232.43179962545,4.585
427,4084978.8416157067,288665.3761561353,4.6
428,4191078.9167010444,251848.8351197451,4.755
429,4023453.415093059,315290.9901233312,5.01
430,3838628.931011697,226122.85162008146,4.28
431,6235514.472439303,341133.2855779114,4.94
432,3902875.4860466663,253991.80869668975,4.68
433,4542101.706882399,332431.7464492996,5.04
434,5469011.790991129,314922.89011596487,4.785
435,3854987.7791100712,257773.58164618985,4.455
436,4032269.8461288526,358205.3453339314,5.055
437,3005596.997602972,204096.8308632464,4.13
438,3712512.8120258385,236683.42305449315,4.62
439,7094372.0,342976.72804421606,4.785
440,4344872.424040089,315996.5364043717,5.225
441,4015100.73472634,342896.6296219893,5.005
442,3456000.0,242900.3269486793,4.705
443,4644359.196554892,348493.34834517556,5.27
444,4126730.7350977,307381.26694611786,5.21
445,4790572.234298529,372685.1859559826,5.4
446,5043415.236401619,262346.0667802018,4.62
447,3803958.700091262,356545.10180402896,5.055
448,3017272.516694506,203687.28694233808,3.915
449,4059630.2504045856,339617.8714217271,5.095
450,4492645.463781,346231.2607352959,5.525
451,4569491.218943308,324888.2253171774,4.995
452,5503481.201460763,308548.50142749684,5.02
453,3205683.314075799,293804.8671057684,5.04
454,3686400.0,335424.951884129,5.04
455,4711955.870761101,291246.4879389449,4.78
456,2669867.3065813594,254363.62843331406,4.7
457,6433458.221387313,320421.8449532445,4.92
458,3367193.491618799,300370.2047947731,5.215
459,3262950.7136945846,351594.0843934944,5.445
460,6693209.01163799,335893.71139922127,4.815
461,4875056.012366627,332132.576811263,5.125
462,5127769.962664082,374435.4711388871,5.285
463,6462843.876653682,297200.0584624997,4.83
464,5201983.695283944,312905.9724493287,5.265
465,2047913.7603912915,254382.6282605094,4.785
466,2914962.1856895504,333776.19190497266,5.375
467,3838628.931011697,332046.1965967731,5.12
468,3502182.2487997394,276200.0148117674,4.84
469,5277342.394804415,327696.3008726068,5.02
470,3972177.8422542964,335954.8755523682,5.15
471,6173374.778838557,327789.714768,4.985
472,6824229.21068746,288025.4366318986,4.79
473,6657127.07103357,317933.33546070335,4.44
474,6586335.640932976,395637.1774074739,4.725
475,4126730.7350977,273349.7906752735,4.7
476,3318829.0912742103,305728.0218792845,4.6
477,3665419.9793071463,284643.9183824722,4.25
478,6499896.362043937,308052.9139005467,4.795
479,7961972.805266795,328110.7171885044,4.78
480,4593601.454768143,319307.2655107268,4.715
481,5880001.865816031,370022.4491004117,5.205
482,5246329.65866843,317366.6273437055,5.015
483,2155371.10261783,236118.06465186796,4.775
484,8801827.602336232,277609.0233102758,4.54
485,7929856.0,286475.29481950693,4.5
486,3117644.881421872,249905.64951411958,4.69
487,11290752.0,241426.7574436508,4.23
488,5724872.0845098365,265151.2776986039,4.43
489,2311987.500184203,204007.5441749693,4.29
490,4938826.548887904,297371.4812487915,4.755
491,4238361.391151066,292864.77133625903,4.65
492,4344872.424040089,203349.00711636475,4.03
493,5268533.092257085,220674.64671611736,4.03
494,2983631.6660177745,259352.45511649904,4.605
495,6088747.359516242,228215.665913025,4.415
496,3618527.970427754,191776.99591855626,3.95
497,4930505.6047216905,323103.33417569293,5.085
498,4609341.472986353,244940.72447329338,4.77
499,3536389.0181302167,223360.5903403603,4.915
500,5834827.78643963,267437.81783273065,4.305
501,5162035.088023327,223740.11459387414,4.25
502,4084248.7681334987,263052.7828476061,4.47
503,3926534.353599877,249771.4999420841,4.48
504,3478257.3291808073,215448.25626607775,4.215
505,4849239.332758077,362389.73285278917,5.08
506,5749772.319666232,316296.80152826203,4.885
507,4720843.573918543,286136.2870593883,4.675
508,7428336.850770298,354776.30775311834,4.83
509,3943973.0952429175,276251.8367334278,4.9
510,4593601.454768143,368456.71941707836,4.835
511,5532677.350265782,320107.160828857,4.65
512,6279073.3045047335,395766.66579554096,5.235
513,7480842.611543702,349662.2787332929,4.26
514,7098708.823708154,371083.44248054957,4.795
515,5827453.673588835,392036.56381858984,4.75
516,6153048.45032119,439714.4366847921,5.275
517,4457290.960371333,335443.59808499133,4.825
518,6202724.780228766,394613.9746158514,5.06
519,4746430.76725575,446349.22519857675,5.765
520,5781745.05800593,439577.0939139486,5.345
521,5015107.989291556,435242.9493151991,5.205
522,4432449.40863717,422511.47464668006,5.175
523,5742192.868333142,530247.994339681,5.965
524,5271775.104269908,390775.0080749357,5.065
525,3950959.8584566764,417878.39823138365,5.245
526,7739283.787216488,431008.7884070291,5.19
527,5887018.501151156,429360.5287370216,5.15
528,7540791.565050448,637458.4387501653,5.875
529,6158866.862645433,547316.8561409786,5.845
530,10163918.23658573,504159.45496648067,5.695
531,6466648.850696008,482421.9778870273,5.325
532,6477695.8014503885,481462.4372402565,5.955
533,6123773.657068654,511886.08568013326,5.885
534,6666983.766342318,449997.2499444657,5.265
535,9576994.793455409,495459.7097261663,5.235
536,7407752.7211698955,431923.85996145196,5.15
537,4878968.907936184,618582.9825450293,6.305
538,8088392.240791491,489603.80339869316,5.55
539,5768091.104478846,367040.7991728822,4.935
540,6533200.658279523,541236.4736316587,5.68
541,9854370.77443304,601857.115112454,5.96
542,8667136.0,602068.2541466433,5.67
543,15803136.0,568852.2110347325,5.405
544,7578401.4548378205,552308.4729349337,5.78
545,7657684.9138626745,663910.7661386103,5.81
546,7205124.182411293,622575.541859196,6.275
547,7540791.565050448,690849.3954573765,6.18
548,6700570.546959714,645214.5097359276,6.075
549,6889315.94531939,493958.07977305294,5.475
550,5162035.088023327,553604.9539572137,5.62
551,9374239.805451533,577789.4615982083,5.885
552,5444395.106896633,537057.1308376575,5.99
553,5622474.008755932,424416.0972890997,5.285
554,5057046.575225504,486793.2301837256,5.26
555,8487228.031931274,496694.28951590345,5.63
556,7536669.354562399,486488.9190470696,5.485
557,4679865.4345423225,552042.725251789,6.14
558,7137956.8617357155,537707.2571864545,5.505
559,6187852.798424991,589987.5799197428,6.08
560,5810961.191289442,580182.0997585373,5.835
561,6477695.8014503885,548945.1171577686,6.05
562,6937246.735950509,660098.1963048016,6.205
563,6340133.718906566,571868.6167598991,6.04
564,7119782.88452787,648121.6301794511,5.875
565,9257825.599954236,606083.2755184283,5.855
566,5271775.104269908,566933.6509466624,6.28
567,8264054.72805886,643796.6159971938,6.32
568,8756651.467999397,553974.3461440635,5.925
569,9073203.729664622,630224.3949045677,5.845
570,10430862.241347453,627732.9951903078,6.05
571,6984193.174391441,674147.5239781296,6.035
572,13500338.244058924,781005.9036474343,6.455
573,6765567.638565148,578857.2197815393,5.98
574,8889264.0,805224.3667728608,6.67
575,8341019.753805647,689691.3900296309,6.17
576,10852803.870569855,874622.971727921,6.615
577,7698166.015357165,783760.6023939203,6.35
578,8268803.384271754,768275.3414762669,6.73
579,12226424.515167465,884219.9933930987,6.65
580,7039514.708164477,741023.6626152736,6.755
581,7332783.9087200705,687962.0681444891,6.115
582,7395347.7873592945,752740.9980862889,6.725
583,10208399.239841672,873012.0282748039,6.33
584,9396115.352740195,765669.1018789342,6.36
585,11553117.75477702,822536.4336541535,6.745
586,8438862.78594456,801971.4359084662,6.49
587,8230844.15597817,796145.4457675718,6.58
588,8460426.067876251,762699.768878302,6.17
589,7416298.073837109,846383.5007868435,6.78
590,10360521.183962127,845890.5523251316,6.68
591,7376318.084247723,825399.898978446,7.215
592,10792506.200137205,963364.1318090868,6.875
593,9603557.054928346,763322.7574803657,6.75
594,13284752.0,983969.9748866946,7.14
595,13974287.004883219,854428.9461070737,6.765
596,7098484.345266953,876099.1940510519,7.21
597,10917055.37539789,1041684.175374327,7.165
598,9560978.681285718,1035333.0477718369,7.145
599,8727540.747616822,951454.0137141187,7.325
600,7525745.800030188,761708.356637967,6.68
601,7652811.845251129,940916.2067626868,6.885
602,14093555.05676208,775465.5401470168,6.24
603,8148122.492942776,1009549.9767462309,7.325
604,11550496.352971157,685519.7852877869,6.405
605,8148122.492942776,790758.2582148701,6.69
606,8300118.02904031,840135.9794458619,6.64
607,10995058.526447233,753386.3974144061,6.68
608,7913196.256065433,786499.2845791369,6.715
609,13673648.303214472,732146.184493069,6.26
610,11276750.695568293,661137.94379882,6.23
611,8438862.78594456,778598.5617171068,6.75
612,9331200.0,781022.1013748897,6.37
613,9617719.046296997,820180.2929249767,6.52
614,8814281.034760805,733904.6570129994,6.69
615,8983305.04846941,641561.0922156177,6.185
616,9213080.313957108,838249.9917558135,6.745
617,9037416.510485725,702674.6388388389,6.285
618,8768902.117453016,782731.0170301374,6.66
619,9488687.50382939,745937.6788707679,6.39
620,9492246.756141983,868051.2207672152,7.105
621,13840167.980048798,803316.4210005495,6.66
622,10369452.196138425,855601.0751718773,6.79
623,6972822.240671276,719055.70768064,6.55
624,5949313.821748521,707370.0094526461,6.78
625,9461099.538637144,870320.1057660691,7.1
626,6476950.19588695,700019.2402184521,6.47
627,7094372.0,766354.5434223104,6.69
628,7820035.314498267,861189.9740333834,6.79
629,7020855.55910446,855658.1881340406,7.26
630,9702402.483851925,922999.1555346457,7.275
631,12512304.139847623,1198679.72335574,8.205
632,11085359.062114317,919581.5032826307,6.985
633,9028866.981067337,994955.7014033038,7.445
634,9074505.681965932,906077.8348446887,7.165
635,11186369.499699533,973580.4931477499,7.685
636,18801894.074523024,1195998.9182711996,7.79
637,11773623.276530636,951084.0334940255,7.235
638,6729355.906318524,935900.9239900506,7.285
639,14636042.260683453,1150051.886078618,7.63
640,8088392.240791491,1070286.0202893228,7.965
641,15934645.727130303,966685.2802337763,6.955
642,15076283.730659358,927768.8983431029,6.835
643,16439957.230783785,1079972.662805206,7.295
644,11929853.410924377,965563.0669185839,6.845
645,8480673.784552734,933294.6291024147,7.125
646,26456975.82718025,1069884.0762364564,7.5
647,8512935.172448102,813306.0195155093,6.965
648,8024563.409930786,883098.2917274714,6.96
649,17246389.818219926,1049007.7472574038,7.23
650,15345723.464451717,1007158.4660591852,7.22
651,17560202.117165282,1271438.6219201225,7.69
652,13736766.917129809,1061664.9501137466,7.54
653,13008926.380513342,910847.360497108,6.57
654,13058932.502166018,1014489.0679465329,7.495
655,16299645.126505056,1002189.5059345608,7.26
656,6438738.162093564,813114.8917560903,6.835
657,10335603.273228321,841448.0981087392,6.735
658,11901992.217691962,937232.2031885618,7.1
659,10234454.817875547,905680.4264274675,7.145
660,8106866.225613939,758240.575656281,6.765
661,10261615.279308809,1083558.7816071028,7.68
662,7869597.4400636265,927858.7341292824,7.255
663,7310181.160296371,768983.5007545071,6.485
664,7333558.544872469,818330.9381660986,6.34
665,9179903.551332988,805937.9459923374,6.53
666,6566561.64274729,775183.0214947618,6.715
667,11271077.14648427,974097.5771595527,7.315
668,7073714.742340123,721156.5145960844,6.47
669,6517715.991405578,670660.2549873753,6.56
670,20687503.994350985,1155084.1100734416,7.185
671,10297555.251611909,739946.4646667897,6.305
672,8756651.467999397,1073355.8376933343,7.305
673,6941325.9367357185,879129.9399696231,7.155
674,15604129.861994868,881197.0149043925,7.15
675,10926831.508046968,973892.2407389535,6.965
676,19573820.49888636,747932.4463864586,6.125
677,20426679.81870769,995685.0685146489,6.92
678,9257825.599954236,921701.4928515283,7.395
679,8189448.508904614,992821.9068530786,7.37
680,9815062.126559567,796901.4555252303,6.72
681,11658625.273947868,915647.8217330177,7.14
682,7353680.549880855,972026.2801416202,7.58
683,13499183.975337176,928466.6206144798,7.085
684,10940129.07204225,950548.2265184179,6.59
685,12752030.012511734,1227219.0004885844,7.465
686,14190293.915183576,926675.2308436999,6.745
687,15189284.309194293,1031454.6093427255,6.875
688,11082310.66736536,839307.677682575,6.57
689,9335639.725412715,1085377.4594290801,7.51
690,9025043.131134167,853740.576273575,6.87
691,27185963.56118738,1113706.7045603397,6.985
692,11319552.0,1193263.4359200383,7.345
693,5716954.72751569,762535.4341930024,6.63
694,9211881.108551932,875961.625139974,6.76
695,9721437.128958248,1002045.0934658356,6.88
696,9283630.665391207,971259.7934672886,7.36
697,12112690.79139726,935153.2300734486,7.14
698,9967245.221408773,967882.0504127322,7.195
699,11999311.932481462,948910.4657540948,6.945
700,16431342.09204446,947942.9314843826,6.68
701,13138128.594135163,1018631.8981294441,6.99
702,14445208.54816572,806877.8778712171,6.405
703,10823441.002362974,1012146.1948314193,6.985
704,8852353.590768954,965449.7083474839,7.05
705,20030052.250356212,1066393.3800851135,7.405
706,8925344.881939745,1082983.1374411671,7.02
707,12340512.0,1011905.5190882038,7.185
708,12031844.713210687,961130.1428087805,6.74
709,11353054.66490213,872795.539325265,6.66
710,7073714.742340123,782539.5187164522,6.595
711,8000634.397190263,896076.3398680951,6.775
712,9986817.89495493,670252.6091869592,6.315
713,15769728.0,818227.212598847,6.105
714,7480842.611543702,802211.6793368831,6.365
715,11105192.15958229,920051.8810200858,6.825
716,9808054.202649577,1011594.2608902222,7.01
717,9591596.321780853,869421.5597549952,6.945
718,10521572.627701622,820227.8378679052,6.57
719,14176880.82760097,807390.3192337602,6.67
720,12460041.85445041,995464.593067846,6.53
721,10211023.970992919,921405.2045570989,6.52
722,9231718.546908155,768189.0315250133,5.985
723,8756651.467999397,948813.7755232109,6.655
724,12112690.79139726,1072479.6653235937,6.755
725,7418736.893029703,880078.5094913462,6.65
726,10747191.305638883,983966.0579729468,7.08
727,8493907.829960953,809134.977408814,6.03
728,11923788.637063976,887697.903397766,6.455
729,7416298.073837109,837531.3964100258,6.97
730,9908985.76975545,995429.9058011712,6.82
731,13843838.205136608,1062762.529866434,6.995
732,12605481.669871088,953336.8090220216,6.435
733,8487228.031931274,853567.3023399019,6.845
734,7416298.073837109,864127.5245356411,6.635
735,13586121.412088146,1063069.5674538477,7.06
736,9547991.71957077,783075.130037792,6.315
737,7901635.27378985,859101.0534519161,6.78
738,10030864.369534662,890191.2448780112,6.495
739,11496264.623459568,909460.4857354476,6.515
740,11395457.167735571,801724.2221897653,6.45
741,10772086.324840885,918548.2949430346,6.305
742,7744727.901790224,793906.3159590237,6.13
743,7488396.111369109,791668.5265571354,6.14
744,10526704.400530301,728718.9016803382,5.91
745,10192539.151585732,850926.1652854573,6.27
746,13251052.788363647,995908.1810636944,6.94
747,19197523.485723257,1069164.4320135338,6.82
748,11553117.75477702,888295.4185790607,6.505
749,16331347.655051127,954344.9636671384,6.34
750,18120182.61018448,904178.6444490056,6.46
751,16458356.622140862,837291.5493001738,6.315
752,7976365.345502173,918678.9138714506,6.985
753,17720646.327095408,957990.742472852,6.62
754,10823586.28477641,822016.7586492166,6.585
755,7804534.274295681,743468.71134017,6.215
756,10566907.20769327,1015241.265562551,6.625
757,8684777.75042102,902483.3843889678,6.67
758,9074505.681965932,837127.940853368,6.49
759,7523307.013904989,760229.5433401172,5.945
760,8801827.602336232,719000.3676430532,6.395
761,14332338.69589412,817752.7578276972,6.555
762,9442363.612821527,929824.3547078881,7.17
763,11319552.0,897669.2884177229,7.03
764,10622838.317791343,935616.8275823795,6.515
765,19669342.549750056,973694.3498207431,6.795
766,10060528.378271194,935322.5155896763,6.905
767,15366061.426077927,891376.2860053404,6.66
768,8257317.344931828,844740.7822141071,6.85
769,8902550.681686683,903293.8583437225,6.82
770,12560751.56987033,1057352.0794628111,6.755
771,17101958.426092844,953270.1539538151,6.81
772,17532420.758811373,839036.2292257216,6.385
773,8922291.837075047,721527.3233611457,6.655
774,8309177.963405045,877886.4294911562,6.51
775,14687382.539256748,858258.1779715074,6.605
776,12250410.909460302,777590.4577046296,6.185
777,10363047.59321002,1030991.5676090745,6.78
778,11614578.948052486,1094524.2375049486,7.46
779,10392653.44103574,1080007.2289255643,7.45
780,10234454.817875547,1059049.244316154,7.42
781,8945112.63204662,997628.2192027769,7.29
782,11923788.637063976,1263141.9774219962,7.64
783,9986817.89495493,915016.7776903504,6.565
784,9781190.856374903,1168443.4690961998,7.4
785,12212170.249755938,1171006.9579367188,7.255
786,14444444.692129914,1082169.0784036468,7.045
787,12796013.295163458,1009328.7386266254,6.67
788,20975802.421647664,1127099.7870026538,7.05
789,7349295.021028344,1024415.9677215896,7.505
790,6947594.828859841,779349.9013432793,6.365
791,11553117.75477702,1073322.4533920756,7.22
792,14636042.260683453,1134221.9037590805,7.1
793,13796019.63507388,991800.8280992913,6.765
794,9861022.920893349,1097153.89082863,7.14
795,7615307.073284439,1017896.6863642974,7.54
796,23337050.85230231,1157186.7429559948,6.905
797,22582950.97659719,1057628.5528147654,6.91
798,11463140.930826943,1090459.254834254,7.39
799,19921279.743708033,1268134.3233550556,7.25
800,17480684.296445604,1233891.211114609,7.1
801,9548031.202295057,1009722.183517719,7.225
802,12880962.190147132,1207189.0026129342,7.47
803,9854370.77443304,1215419.7228818438,7.58
804,13279024.0,1110792.4811885254,7.185
805,14568075.700310731,1318778.7397157499,7.685
806,17478368.82313587,1433780.9032806938,7.865
807,15881122.244665205,1376332.2917855799,7.55
808,22287751.35369703,1077837.4596746769,7.415
809,24432329.659135498,1690015.375796133,7.98
810,21260295.034195926,1564736.6193394207,8.005
811,19459361.02548077,1388579.67535267,7.66
812,16934194.69593993,1388070.5551324647,7.605
813,17719598.20281126,1345974.685977323,7.565
814,19106784.135484442,1359277.1676486516,7.6
815,15604305.07922631,1353161.4600098263,7.425
816,11338767.569714092,1287084.5044269538,7.355
817,12298341.066268735,1156088.9407944127,7.22
818,16604522.362828266,1022883.1982027749,7.245
819,14986869.252782583,1240691.3514350548,7.075
820,35760924.09674537,1165068.252758291,6.945
821,14828479.562321149,1181384.5981276925,7.19
822,20921938.90057726,1328535.508564405,7.31
823,15227803.465157278,1181671.4236508745,7.075
824,23108465.632432457,1530557.4806050616,7.375
825,18239335.478231877,1176855.1255201183,6.63
826,14454410.931924138,1454653.8172816357,7.93
827,22027137.035938192,1299030.2402672346,7.26
828,13153202.011310859,1540213.370329197,7.685
829,17262672.69781826,1428549.1116086193,7.555
830,13980202.746125823,1396904.959604473,8.08
831,15546116.284889162,1373036.2943515352,7.13
832,21856754.821946282,1511176.0647094273,7.735
833,12282500.0,1395805.1036497622,8.14
834,24136283.423025344,1429980.5003301615,7.79
835,11673887.364884071,1101258.6950125687,7.235
836,10208399.239841672,1122174.2541778437,7.37
837,20534215.73861539,1379258.375683154,7.745
838,14457583.445125537,1233707.6218839104,7.375
839,19874223.134655204,1697662.072034264,7.965
840,19626174.327922393,1584576.6062199303,7.47
841,20669361.875924084,1481119.876945771,7.7
842,24619073.07694585,1463726.6053785137,8.025
843,12514098.388162369,1578676.5870436442,7.72
844,24487484.47350197,1633340.3386759781,7.925
845,18055267.672344267,1503240.3332877485,7.715
846,33339600.0,1563525.2570836768,7.56
847,16653886.608791836,1737203.2212715286,8.465
848,20585397.0307544,1763488.0664686658,7.96
849,19636025.565271605,1410037.8022664671,7.295
850,18543755.095728803,1590232.7366505833,7.855
851,28138141.178348795,1869960.3009968242,7.81
852,27089388.258701157,1652197.041848656,8.02
853,26585407.194048993,1597102.3003965658,7.5
854,58438873.35053611,2271963.378433215,8.535
855,20250679.258495603,2182226.827800431,8.97
856,15606553.831778238,1740614.5024828399,8.225
857,16579594.246422317,1938340.7825223675,8.36
858,20718814.553245462,1695500.0788113037,7.66
859,19917795.57923015,1789623.598596259,8.02
860,32972676.686316386,2302703.359237274,8.435
861,24525642.12199273,1796108.4684289896,7.985
862,14616142.281361112,1354696.3323901326,7.455
863,27012983.048743356,1991089.6512987972,8.105
864,28234562.62757601,2239477.809326621,8.66
865,39230582.87533867,1843611.7199796005,8.295
866,21600455.755191833,1873658.4382850453,8.26
867,21242253.826587044,1670270.5799825424,8.055
868,37033481.538370974,2049402.0209691355,8.515
869,26772563.929515604,2399723.206706487,9.155
870,29891101.92187876,2183579.2191997934,8.595
871,23858794.679835103,1901981.6579837548,8.39
872,31750080.709993035,2061087.705830421,8.58
873,21483070.205163877,2103945.0465254607,8.775
874,34276997.59617227,2390965.638654786,8.85
875,29891101.92187876,2256506.0485160686,8.72
876,36395348.83234703,2530031.880829102,8.815
877,54455292.377509095,2173694.7628840003,8.14
878,51233309.23607071,2554982.0268821255,8.375
879,41305215.47621453,2686558.212822628,9.03
880,36488004.027406044,2816312.315059818,9.275
881,28132077.889375467,2903562.8326792824,9.28
882,25517730.71101739,2186403.0936075207,8.485
883,32267347.486150764,2766852.593583197,9.51
884,17478368.82313587,2058874.4708902824,8.12
885,23138482.28246062,2546486.59592077,9.16
886,30751025.1940899,2501897.7742755585,9.025
887,27089396.963387724,2290092.7322951998,8.805
888,22978956.263495,2478449.7940138336,9.025
889,19339693.08706092,2322040.995940739,8.885
890,21509824.0,2653574.624747158,9.705
891,31154004.0,2713783.010220042,9.37
892,66138441.504102714,3262369.2253572894,9.565
893,28584270.225422934,2442225.0217709844,8.515
894,35760924.09674537,2485553.92891394,8.67
895,30942312.467645727,3063526.910348813,9.575
896,38450320.522565216,2844973.9845493985,9.505
897,34179214.063833825,2575149.9304525326,9.25
898,59111869.702793196,3594013.9549604584,9.555
899,43074654.63439028,3413437.0359792355,10.23
900,26208659.749149173,2839574.1286932905,9.5
901,31214431.285171673,3136758.1691927547,9.455
902,35887511.365376115,2950451.8492192673,9.55
903,33260746.759641822,2469348.3718303014,9.19
904,43116079.01722066,3179445.0692776833,9.575
905,31953824.156241454,2865153.747384158,9.275
906,31208376.53707735,3416054.53735843,9.95
907,39622669.07323917,2883483.5118528986,9.385
908,22048302.07635155,2371856.270252916,9.135
909,46224016.14952989,2734532.689822674,9.26
910,23691364.924799077,2060960.018458013,8.64
911,25829554.198243532,2296957.6788212904,8.52
912,30719522.1316999,2655286.8221577206,9.13
913,36206426.842372835,3545026.2509626728,10.085
914,25654591.53754618,2348620.2602098673,8.37
915,38793476.40608106,2863104.0879333513,9.305
916,21778508.28348498,2593103.3121067146,9.31
917,33420448.444232225,3349092.5879489738,9.31
918,27513769.155097596,2976959.867890187,9.225
919,32522547.456481203,2707063.6314542075,9.09
920,36162933.78386217,3013925.250823143,9.895
921,30537383.32258034,2732830.752492155,9.035
922,31988099.559680004,3509869.839121829,9.41
923,28047317.21074228,3109349.8415026776,9.605
924,37130806.663908824,3012291.9929636423,9.27
925,36564678.97630171,3118893.249102963,9.74
926,59449329.91649275,3522942.103090338,9.335
927,37418132.0608986,3190528.9881036365,9.37
928,41706855.01065742,3122547.4693985707,9.395
929,46483306.71060311,3514552.3171524145,9.975
930,37494002.730676815,2609933.5355594563,9.065
931,30752000.0,3095543.5766643556,9.445
932,33880117.66664431,3169024.9056711025,9.705
933,23941897.833881088,2651513.421132751,9.31
934,27927481.46210109,2701771.913127908,9.275
935,36522679.426789045,3048960.536641066,9.385
936,40066799.37843781,3381243.4531535422,9.705
937,37184946.26892856,3289320.5743526607,9.875
938,34717401.709063195,3311027.240917433,9.875
939,46382688.0,3504527.3774815644,9.875
940,32016801.46991426,2362259.38767733,8.655
941,32850940.04847277,2921898.1401540865,9.715
942,42989172.24788121,3313720.2345310734,9.985
943,33339600.0,3603196.5432945257,9.94
944,35236644.487944536,3308393.0375257437,10.01
945,43884823.08068811,3725448.5674214982,9.905
946,34253564.51690901,3452019.5765763437,9.835
947,25559866.951766394,2995380.1923654918,9.225
948,32906293.376586795,3210811.332348241,9.5
949,31653147.34682793,3561602.702562175,10.06
950,45174372.17354955,3126508.28985544,9.195
951,26878036.856883727,3082366.746938388,9.255
952,36727743.01355857,2595458.518926789,9.035
953,56228838.54877317,2833278.996473589,8.785
954,57265872.13480644,3644351.840651231,9.935
955,35635012.990290545,3702473.398006301,10.42
956,32140060.211223997,3127679.750677045,9.375
957,28474674.8706987,2790904.6642829697,9.19
958,26638494.40663582,2999768.947713688,10.065
959,61487483.60438895,2986647.523098363,9.155
960,31911614.24866677,3193348.3162198607,9.44
961,23876164.30501348,3138254.2891082875,10.135
962,27650598.789862618,3330448.853760726,9.415
963,35476619.28515377,3404103.464515908,10.08
964,35898649.90538825,3805045.1822451134,10.335
965,30545166.494226217,3405063.3016706677,10.11
966,32155524.018868048,3034996.971438857,9.58
967,38544534.78761937,3263669.84120073,9.1
968,30581233.046054374,3186437.3921528272,9.8
969,38759827.91151168,3102190.907800939,9.4
970,60490330.05930068,4121862.677563945,10.495
971,29378591.28672088,3263829.792632288,10.09
972,52013583.55151085,4582179.489021125,10.73
973,29033506.942313116,3645633.7550698495,9.845
974,38809933.885229334,4366769.2034740895,10.67
975,44140433.70878904,4171542.4237811645,10.87
976,34873751.30381015,3700877.3603068767,9.645
977,33442129.94432191,3795795.011544115,10.67
978,46308532.37838574,3969534.2765691862,10.405
979,26915658.35473946,3705133.6134921224,10.815
980,36714907.08954323,3316633.8622688167,10.185
981,36395348.83234703,3267738.6813499294,9.86
982,44878147.373883426,4080078.988546033,10.405
983,55321251.6328018,4532788.282545698,10.495
984,39929974.8671921,3847118.6447223406,10.17
985,34036824.277195305,4307309.735915569,10.515
986,33755938.93766535,4383077.899321766,10.58
987,32887030.131649163,3433281.3584313835,9.335
988,40679149.57321502,4574335.463484636,11.005
989,29450423.958917808,3595470.5058647785,10.015
990,43865252.56088404,3127832.097667085,9.45
991,35517243.13625707,3544983.0651581283,9.76
992,29378591.28672088,3966170.944589785,10.525
993,43074654.63439028,4055517.2752107154,10.62
994,41071387.74456008,3696445.543842018,10.135
995,49236352.0,4765926.5090336045,11.445
996,77365233.48125657,4567281.066262193,10.795
997,47416645.15979645,3972913.208510718,10.575
998,58655777.7245412,4256863.5230169995,10.78
999,39248197.44055047,4339447.750244353,10.205
1000,29836341.237073693,4144573.9100040556,10.185
